,name
0,C:/Users/dalto/OneDrive/Pictures/Documents/Projects/Coding Projects/Game Vison/splits/Christian MacLeod\0.mp4
1,C:/Users/dalto/OneDrive/Pictures/Documents/Projects/Coding Projects/Game Vison/splits/Christian MacLeod\1.mp4
2,C:/Users/dalto/OneDrive/Pictures/Documents/Projects/Coding Projects/Game Vison/splits/Christian MacLeod\10.mp4
3,C:/Users/dalto/OneDrive/Pictures/Documents/Projects/Coding Projects/Game Vison/splits/Christian MacLeod\11.mp4
4,C:/Users/dalto/OneDrive/Pictures/Documents/Projects/Coding Projects/Game Vison/splits/Christian MacLeod\2.mp4
5,C:/Users/dalto/OneDrive/Pictures/Documents/Projects/Coding Projects/Game Vison/splits/Christian MacLeod\3.mp4
6,C:/Users/dalto/OneDrive/Pictures/Documents/Projects/Coding Projects/Game Vison/splits/Christian MacLeod\4.mp4
7,C:/Users/dalto/OneDrive/Pictures/Documents/Projects/Coding Projects/Game Vison/splits/Christian MacLeod\5.mp4
8,C:/Users/dalto/OneDrive/Pictures/Documents/Projects/Coding Projects/Game Vison/splits/Christian MacLeod\6.mp4
9,C:/Users/dalto/OneDrive/Pictures/Documents/Projects/Coding Projects/Game Vison/splits/Christian MacLeod\7.mp4
10,C:/Users/dalto/OneDrive/Pictures/Documents/Projects/Coding Projects/Game Vison/splits/Christian MacLeod\8.mp4
11,C:/Users/dalto/OneDrive/Pictures/Documents/Projects/Coding Projects/Game Vison/splits/Christian MacLeod\9.mp4
12,C:/Users/dalto/OneDrive/Pictures/Documents/Projects/Coding Projects/Game Vison/splits/Gabe Bierman\12.mp4
13,C:/Users/dalto/OneDrive/Pictures/Documents/Projects/Coding Projects/Game Vison/splits/Gabe Bierman\13.mp4
14,C:/Users/dalto/OneDrive/Pictures/Documents/Projects/Coding Projects/Game Vison/splits/Gabe Bierman\14.mp4
15,C:/Users/dalto/OneDrive/Pictures/Documents/Projects/Coding Projects/Game Vison/splits/Gabe Bierman\15.mp4
16,C:/Users/dalto/OneDrive/Pictures/Documents/Projects/Coding Projects/Game Vison/splits/Gabe Bierman\16.mp4
17,C:/Users/dalto/OneDrive/Pictures/Documents/Projects/Coding Projects/Game Vison/splits/Gabe Bierman\17.mp4
18,C:/Users/dalto/OneDrive/Pictures/Documents/Projects/Coding Projects/Game Vison/splits/Gabe Bierman\18.mp4
19,C:/Users/dalto/OneDrive/Pictures/Documents/Projects/Coding Projects/Game Vison/splits/Gabe Bierman\19.mp4
20,C:/Users/dalto/OneDrive/Pictures/Documents/Projects/Coding Projects/Game Vison/splits/Gabe Bierman\20.mp4
21,C:/Users/dalto/OneDrive/Pictures/Documents/Projects/Coding Projects/Game Vison/splits/Gabe Bierman\21.mp4
22,C:/Users/dalto/OneDrive/Pictures/Documents/Projects/Coding Projects/Game Vison/splits/Jarred Poland\22.mp4
23,C:/Users/dalto/OneDrive/Pictures/Documents/Projects/Coding Projects/Game Vison/splits/Jarred Poland\23.mp4
24,C:/Users/dalto/OneDrive/Pictures/Documents/Projects/Coding Projects/Game Vison/splits/Jarred Poland\24.mp4
25,C:/Users/dalto/OneDrive/Pictures/Documents/Projects/Coding Projects/Game Vison/splits/Jarred Poland\25.mp4
26,C:/Users/dalto/OneDrive/Pictures/Documents/Projects/Coding Projects/Game Vison/splits/Jarred Poland\26.mp4
27,C:/Users/dalto/OneDrive/Pictures/Documents/Projects/Coding Projects/Game Vison/splits/Jarred Poland\27.mp4
28,C:/Users/dalto/OneDrive/Pictures/Documents/Projects/Coding Projects/Game Vison/splits/Jarred Poland\28.mp4
29,C:/Users/dalto/OneDrive/Pictures/Documents/Projects/Coding Projects/Game Vison/splits/Jarred Poland\29.mp4
30,C:/Users/dalto/OneDrive/Pictures/Documents/Projects/Coding Projects/Game Vison/splits/Jarred Poland\30.mp4
31,C:/Users/dalto/OneDrive/Pictures/Documents/Projects/Coding Projects/Game Vison/splits/Jarred Poland\31.mp4
32,C:/Users/dalto/OneDrive/Pictures/Documents/Projects/Coding Projects/Game Vison/splits/Jarred Poland\32.mp4
33,C:/Users/dalto/OneDrive/Pictures/Documents/Projects/Coding Projects/Game Vison/splits/Jarred Poland\33.mp4
34,C:/Users/dalto/OneDrive/Pictures/Documents/Projects/Coding Projects/Game Vison/splits/Jarred Poland\34.mp4
35,C:/Users/dalto/OneDrive/Pictures/Documents/Projects/Coding Projects/Game Vison/splits/Jarred Poland\35.mp4
36,C:/Users/dalto/OneDrive/Pictures/Documents/Projects/Coding Projects/Game Vison/splits/Ryan Bergert\36.mp4
37,C:/Users/dalto/OneDrive/Pictures/Documents/Projects/Coding Projects/Game Vison/splits/Ryan Bergert\37.mp4
38,C:/Users/dalto/OneDrive/Pictures/Documents/Projects/Coding Projects/Game Vison/splits/Ryan Bergert\38.mp4
39,C:/Users/dalto/OneDrive/Pictures/Documents/Projects/Coding Projects/Game Vison/splits/Ryan Bergert\39.mp4
40,C:/Users/dalto/OneDrive/Pictures/Documents/Projects/Coding Projects/Game Vison/splits/Ryan Bergert\40.mp4
41,C:/Users/dalto/OneDrive/Pictures/Documents/Projects/Coding Projects/Game Vison/splits/Ryan Bergert\41.mp4
42,C:/Users/dalto/OneDrive/Pictures/Documents/Projects/Coding Projects/Game Vison/splits/Ryan Bergert\42.mp4
43,C:/Users/dalto/OneDrive/Pictures/Documents/Projects/Coding Projects/Game Vison/splits/Ryan Bergert\43.mp4
44,C:/Users/dalto/OneDrive/Pictures/Documents/Projects/Coding Projects/Game Vison/splits/Ryan Bergert\44.mp4
45,C:/Users/dalto/OneDrive/Pictures/Documents/Projects/Coding Projects/Game Vison/splits/Ryan Bergert\45.mp4
46,C:/Users/dalto/OneDrive/Pictures/Documents/Projects/Coding Projects/Game Vison/splits/Victor Lizarraga\46.mp4
47,C:/Users/dalto/OneDrive/Pictures/Documents/Projects/Coding Projects/Game Vison/splits/Victor Lizarraga\47.mp4
48,C:/Users/dalto/OneDrive/Pictures/Documents/Projects/Coding Projects/Game Vison/splits/Victor Lizarraga\48.mp4
49,C:/Users/dalto/OneDrive/Pictures/Documents/Projects/Coding Projects/Game Vison/splits/Victor Lizarraga\49.mp4
50,C:/Users/dalto/OneDrive/Pictures/Documents/Projects/Coding Projects/Game Vison/splits/Victor Lizarraga\50.mp4
51,C:/Users/dalto/OneDrive/Pictures/Documents/Projects/Coding Projects/Game Vison/splits/Victor Lizarraga\51.mp4
52,C:/Users/dalto/OneDrive/Pictures/Documents/Projects/Coding Projects/Game Vison/splits/Victor Lizarraga\52.mp4
53,C:/Users/dalto/OneDrive/Pictures/Documents/Projects/Coding Projects/Game Vison/splits/Victor Lizarraga\53.mp4
54,C:/Users/dalto/OneDrive/Pictures/Documents/Projects/Coding Projects/Game Vison/splits/Victor Lizarraga\54.mp4
55,C:/Users/dalto/OneDrive/Pictures/Documents/Projects/Coding Projects/Game Vison/splits/Victor Lizarraga\55.mp4
56,C:/Users/dalto/OneDrive/Pictures/Documents/Projects/Coding Projects/Game Vison/splits/Victor Lizarraga\56.mp4
57,C:/Users/dalto/OneDrive/Pictures/Documents/Projects/Coding Projects/Game Vison/splits/Victor Lizarraga\57.mp4
58,C:/Users/dalto/OneDrive/Pictures/Documents/Projects/Coding Projects/Game Vison/splits/Victor Lizarraga\58.mp4
59,C:/Users/dalto/OneDrive/Pictures/Documents/Projects/Coding Projects/Game Vison/splits/Victor Lizarraga\59.mp4
60,C:/Users/dalto/OneDrive/Pictures/Documents/Projects/Coding Projects/Game Vison/splits/Zach King\60.mp4
61,C:/Users/dalto/OneDrive/Pictures/Documents/Projects/Coding Projects/Game Vison/splits/Zach King\61.mp4
62,C:/Users/dalto/OneDrive/Pictures/Documents/Projects/Coding Projects/Game Vison/splits/Zach King\62.mp4
63,C:/Users/dalto/OneDrive/Pictures/Documents/Projects/Coding Projects/Game Vison/splits/Zach King\63.mp4
64,C:/Users/dalto/OneDrive/Pictures/Documents/Projects/Coding Projects/Game Vison/splits/Zach King\64.mp4
65,C:/Users/dalto/OneDrive/Pictures/Documents/Projects/Coding Projects/Game Vison/splits/Zach King\65.mp4
66,C:/Users/dalto/OneDrive/Pictures/Documents/Projects/Coding Projects/Game Vison/splits/Zach King\66.mp4
67,C:/Users/dalto/OneDrive/Pictures/Documents/Projects/Coding Projects/Game Vison/splits/Zach King\67.mp4
68,C:/Users/dalto/OneDrive/Pictures/Documents/Projects/Coding Projects/Game Vison/splits/Zach King\68.mp4
69,C:/Users/dalto/OneDrive/Pictures/Documents/Projects/Coding Projects/Game Vison/splits/Zach King\69.mp4
70,C:/Users/dalto/OneDrive/Pictures/Documents/Projects/Coding Projects/Game Vison/splits/Zach King\70.mp4
71,C:/Users/dalto/OneDrive/Pictures/Documents/Projects/Coding Projects/Game Vison/splits/Zach King\71.mp4
72,C:/Users/dalto/OneDrive/Pictures/Documents/Projects/Coding Projects/Game Vison/splits/Travis\video1.mov
73,C:/Users/dalto/OneDrive/Pictures/Documents/Projects/Coding Projects/Game Vison/splits/Travis\video2.mov
